[{
 "categoryString": "EXTENSION",
 "dateBuilt": "2021-08-08T10:22:41+0000",
 "nonVisible": "true",
 "iconName": "",
 "methods": [{
  "deprecated": "false",
  "name": "CreateRatingBar",
  "description": "Create rating bar programmatically",
  "params": [
   {
    "name": "view",
    "type": "component"
   },
   {
    "name": "numStars",
    "type": "number"
   }
  ]
 }],
 "blockProperties": [
  {
   "rw": "read-only",
   "deprecated": "false",
   "name": "GetNumStars",
   "description": "Get number of stars",
   "type": "number"
  },
  {
   "rw": "read-only",
   "deprecated": "false",
   "name": "GetRating",
   "description": "Get rating bar value",
   "type": "number"
  },
  {
   "rw": "read-only",
   "deprecated": "false",
   "name": "GetStepSize",
   "description": "Get step size of the rating bar",
   "type": "number"
  },
  {
   "rw": "read-only",
   "deprecated": "false",
   "name": "IsIndicator",
   "description": "Property for IsIndicator",
   "type": "boolean"
  },
  {
   "rw": "write-only",
   "deprecated": "false",
   "name": "SetIndicator",
   "description": "To set if rating bar is indicator or not",
   "type": "boolean"
  },
  {
   "rw": "write-only",
   "deprecated": "false",
   "name": "SetMax",
   "description": "Set the upper range of the progress bar max value",
   "type": "number"
  },
  {
   "rw": "write-only",
   "deprecated": "false",
   "name": "SetProgressColor",
   "description": "To set the color of progress of rating bar",
   "type": "number"
  },
  {
   "rw": "write-only",
   "deprecated": "false",
   "name": "SetRating",
   "description": "To set rating bar value",
   "type": "number"
  },
  {
   "rw": "write-only",
   "deprecated": "false",
   "name": "SetStepSize",
   "description": "To set the step size of the rating bar",
   "type": "number"
  }
 ],
 "helpUrl": "",
 "type": "xyz.logicaldevz.Rating.Rating",
 "androidMinSdk": 7,
 "version": "1",
 "external": "true",
 "showOnPalette": "true",
 "name": "Rating",
 "helpString": "Component for Rating",
 "properties": [],
 "events": [{
  "deprecated": "false",
  "name": "RatingChanged",
  "description": "Event for RatingChanged",
  "params": [
   {
    "name": "rating",
    "type": "number"
   },
   {
    "name": "fromUser",
    "type": "boolean"
   }
  ]
 }]
}]