[{
 "categoryString": "EXTENSION",
 "nonVisible": "true",
 "iconName": "aiwebres/firebase.png",
 "methods": [
  {
   "deprecated": "false",
   "name": "Delete",
   "description": "Delete filename",
   "params": [{
    "name": "filename",
    "type": "text"
   }]
  },
  {
   "deprecated": "false",
   "name": "Get",
   "description": "Get downloadUrl for given filename",
   "params": [{
    "name": "filename",
    "type": "text"
   }]
  },
  {
   "deprecated": "false",
   "name": "UploadFile",
   "description": "Upload a file to Firebase Storage Bucket. Can save file in the root directory (storage bucket) or save file into a folder using 'foldername/filename' in the filename value",
   "params": [
    {
     "name": "filename",
     "type": "text"
    },
    {
     "name": "path",
     "type": "text"
    }
   ]
  }
 ],
 "blockProperties": [
  {
   "rw": "invisible",
   "deprecated": "false",
   "name": "AllowCookies",
   "description": "Never allow Cookies",
   "type": "boolean"
  },
  {
   "rw": "invisible",
   "deprecated": "false",
   "name": "ApiKey",
   "description": "The Firebase project API",
   "type": "text"
  },
  {
   "rw": "read-write",
   "deprecated": "false",
   "name": "MIMEType",
   "description": "Set and Get MIME Type available with type/subtype syntax. Read More: https://developer.mozilla.org/en-US/docs/Web/HTTP/Basics_of_HTTP/MIME_types",
   "type": "text"
  },
  {
   "rw": "invisible",
   "deprecated": "false",
   "name": "RequestHeaders",
   "description": "Content-Type: application/json",
   "type": "list"
  },
  {
   "rw": "invisible",
   "deprecated": "false",
   "name": "ResponseFileName",
   "description": "",
   "type": "text"
  },
  {
   "rw": "invisible",
   "deprecated": "false",
   "name": "SaveResponse",
   "description": "",
   "type": "boolean"
  },
  {
   "rw": "invisible",
   "deprecated": "false",
   "name": "StorageBucket",
   "description": "The Firebase project API",
   "type": "text"
  },
  {
   "rw": "invisible",
   "deprecated": "false",
   "name": "Url",
   "description": "The URL for the web request.",
   "type": "text"
  }
 ],
 "helpUrl": "",
 "type": "com.mirxtremapps.FirebaseStorage.FirebaseStorage",
 "androidMinSdk": 7,
 "version": "2",
 "external": "true",
 "showOnPalette": "true",
 "name": "FirebaseStorage",
 "helpString": "Firebase Storage version 2.0",
 "properties": [
  {
   "defaultValue": "YOUR_FIREBASE_API",
   "name": "ApiKey",
   "editorArgs": [],
   "editorType": "string"
  },
  {
   "defaultValue": "image/jpeg",
   "name": "MIMEType",
   "editorArgs": [],
   "editorType": "string"
  },
  {
   "defaultValue": "YOUR_FIREBASE_STORAGE_BUCKET",
   "name": "StorageBucket",
   "editorArgs": [],
   "editorType": "string"
  }
 ],
 "events": [
  {
   "deprecated": "false",
   "name": "Error",
   "description": "Event for Error",
   "params": [{
    "name": "message",
    "type": "text"
   }]
  },
  {
   "deprecated": "false",
   "name": "Response",
   "description": "Event for Response",
   "params": [
    {
     "name": "filename",
     "type": "text"
    },
    {
     "name": "downloadUrl",
     "type": "text"
    }
   ]
  }
 ]
}]