[{"categoryString":"EXTENSION","nonVisible":"true","iconName":"images/extension.png","methods":[{"deprecated":"false","name":"JsonEncode","description":"Method for JsonEncode","params":[{"name":"json","type":"list"}],"returnType":"text"},{"deprecated":"false","name":"StartSimpleColumn","description":"Method for StartSimpleColumn","params":[{"name":"webViewer","type":"component"},{"name":"list","type":"list"}]},{"deprecated":"false","name":"StartSimpleTable","description":"Method for StartSimpleTable","params":[{"name":"webViewer","type":"component"},{"name":"csvTable","type":"text"}]}],"blockProperties":[],"type":"co.com.dendritas.DendritasTable","version":"1","external":"true","showOnPalette":"true","name":"DendritasTable","helpString":"Component for DendritasTable","events":[],"properties":[]}]